Ref,Val,Package,PosX,PosY,Rot,Side
"R84","0R","R_0402_1005Metric",174.305000,-121.485000,90.000000,bottom
"R85","0R","R_0402_1005Metric",156.405000,-121.895000,90.000000,bottom
"U4","ACPL-798J-500E","SO-16_L10.3-W7.5-P1.27-LS10.6-BL",205.605000,-82.765000,-90.000000,bottom
"U13","ACPL-798J-500E","SO-16_L10.3-W7.5-P1.27-LS10.6-BL",124.105000,-70.735000,90.000000,bottom
